id;full_name;image;image_content_type;linked_in;facebook;twitter
1;Metal architecture;../fake-data/blob/hipster.png;image/png;copying mobile Wooden;Personal Loan Account;Dynamic overriding
2;Borders Mauritius Rupee Intelligent Wooden Table;../fake-data/blob/hipster.png;image/png;morph intangible;Lebanon engage;Small Steel Cheese Berkshire
3;sky blue;../fake-data/blob/hipster.png;image/png;Fresh Brand bandwidth;Frozen;bandwidth fuchsia Hong Kong
4;Senior Intelligent compress;../fake-data/blob/hipster.png;image/png;Ball transmitting pink;national Highway;Nigeria Peso Uruguayo Uruguay Peso en Unidades Indexadas Comoro Franc
5;engineer Assistant Salad;../fake-data/blob/hipster.png;image/png;IB optical Administrator;Ball Awesome Cotton Mouse Metrics;Small invoice hard drive
6;auxiliary Group;../fake-data/blob/hipster.png;image/png;interface;gold;Car Kids Computer
7;San Marino;../fake-data/blob/hipster.png;image/png;bandwidth white;Computer;3rd generation
8;Specialist;../fake-data/blob/hipster.png;image/png;programming Buckinghamshire;Bedfordshire Solutions convergence;e-enable Handcrafted
9;calculate;../fake-data/blob/hipster.png;image/png;Fully-configurable pink;Rubber Plastic demand-driven;Rustic Rubber Car backing up
10;pink extensible;../fake-data/blob/hipster.png;image/png;Global Malaysia Beauty;white invoice Interactions;Triple-buffered
